
--------------------------------------------------------
--------------CATEGORIES--------------------------------
---------------------------------------------------------

INSERT INTO ecommerce.gender_category(id, gender_category_type) VALUES ('1', 'Men');
INSERT INTO ecommerce.gender_category(id, gender_category_type) VALUES ('2', 'Women');

INSERT INTO ecommerce.apparel_category(id, apparel_category_type) VALUES ('1', 'All categories');
INSERT INTO ecommerce.apparel_category(id, apparel_category_type) VALUES ('2', 'Activewear');
INSERT INTO ecommerce.apparel_category(id, apparel_category_type) VALUES ('3', 'Coats and jackets');
INSERT INTO ecommerce.apparel_category(id, apparel_category_type) VALUES ('4', 'Denim');
INSERT INTO ecommerce.apparel_category(id, apparel_category_type) VALUES ('5', 'Jackets');
INSERT INTO ecommerce.apparel_category(id, apparel_category_type) VALUES ('6', 'Knitwear & Sweatshirts');
INSERT INTO ecommerce.apparel_category(id, apparel_category_type) VALUES ('7', 'Pants');
INSERT INTO ecommerce.apparel_category(id, apparel_category_type) VALUES ('8', 'Polos');
INSERT INTO ecommerce.apparel_category(id, apparel_category_type) VALUES ('9', 'Shirts');
INSERT INTO ecommerce.apparel_category(id, apparel_category_type) VALUES ('10', 'Shorts');
INSERT INTO ecommerce.apparel_category(id, apparel_category_type) VALUES ('11', 'Swimwear');
INSERT INTO ecommerce.apparel_category(id, apparel_category_type) VALUES ('12', 'T-shirts');
INSERT INTO ecommerce.apparel_category(id, apparel_category_type) VALUES ('13', 'Underwear');
INSERT INTO ecommerce.apparel_category(id, apparel_category_type) VALUES ('14', 'Beachwear');
INSERT INTO ecommerce.apparel_category(id, apparel_category_type) VALUES ('15', 'Coats');
INSERT INTO ecommerce.apparel_category(id, apparel_category_type) VALUES ('16', 'Dresses');
INSERT INTO ecommerce.apparel_category(id, apparel_category_type) VALUES ('17', 'Jackets');
INSERT INTO ecommerce.apparel_category(id, apparel_category_type) VALUES ('18', 'Jumpsuits');
INSERT INTO ecommerce.apparel_category(id, apparel_category_type) VALUES ('19', 'Leather');
INSERT INTO ecommerce.apparel_category(id, apparel_category_type) VALUES ('20', 'Lingerie');
INSERT INTO ecommerce.apparel_category(id, apparel_category_type) VALUES ('21', 'Loungewear');
INSERT INTO ecommerce.apparel_category(id, apparel_category_type) VALUES ('22', 'Skirts');
INSERT INTO ecommerce.apparel_category(id, apparel_category_type) VALUES ('23', 'Suits');
INSERT INTO ecommerce.apparel_category(id, apparel_category_type) VALUES ('24', 'Tops & Shirts');
INSERT INTO ecommerce.apparel_category(id, apparel_category_type) VALUES ('25', 'Suits');

INSERT INTO ecommerce.brand_category(id, brand_category_type) VALUES ('1', 'All brands');
INSERT INTO ecommerce.brand_category(id, brand_category_type) VALUES ('2', 'AMI Paris');
INSERT INTO ecommerce.brand_category(id, brand_category_type) VALUES ('3', 'Balenciaga');
INSERT INTO ecommerce.brand_category(id, brand_category_type) VALUES ('4', 'Bottega Veneta');
INSERT INTO ecommerce.brand_category(id, brand_category_type) VALUES ('5', 'Burberry');
INSERT INTO ecommerce.brand_category(id, brand_category_type) VALUES ('6', 'Canada Goose');
INSERT INTO ecommerce.brand_category(id, brand_category_type) VALUES ('7', 'Celine');
INSERT INTO ecommerce.brand_category(id, brand_category_type) VALUES ('8', 'Dior');
INSERT INTO ecommerce.brand_category(id, brand_category_type) VALUES ('9', 'Fendi');
INSERT INTO ecommerce.brand_category(id, brand_category_type) VALUES ('10', 'Loewe');
INSERT INTO ecommerce.brand_category(id, brand_category_type) VALUES ('11', 'Louis Vuitton');
INSERT INTO ecommerce.brand_category(id, brand_category_type) VALUES ('12', 'Stone Island');
INSERT INTO ecommerce.brand_category(id, brand_category_type) VALUES ('13', 'Thom Browne');
INSERT INTO ecommerce.brand_category(id, brand_category_type) VALUES ('14', 'Tom Ford');
INSERT INTO ecommerce.brand_category(id, brand_category_type) VALUES ('15', 'Balmain');
INSERT INTO ecommerce.brand_category(id, brand_category_type) VALUES ('16', 'Chloé');
INSERT INTO ecommerce.brand_category(id, brand_category_type) VALUES ('17', 'Fendi');
INSERT INTO ecommerce.brand_category(id, brand_category_type) VALUES ('18', 'Max Mara');
INSERT INTO ecommerce.brand_category(id, brand_category_type) VALUES ('19', 'Valentino');

INSERT INTO ecommerce.apparel_category_gender(gender_category_id, apparel_category_id) VALUES ('1','1');
INSERT INTO ecommerce.apparel_category_gender(gender_category_id, apparel_category_id) VALUES ('1','2');
INSERT INTO ecommerce.apparel_category_gender(gender_category_id, apparel_category_id) VALUES ('1','3');
INSERT INTO ecommerce.apparel_category_gender(gender_category_id, apparel_category_id) VALUES ('1','4');
INSERT INTO ecommerce.apparel_category_gender(gender_category_id, apparel_category_id) VALUES ('1','5');
INSERT INTO ecommerce.apparel_category_gender(gender_category_id, apparel_category_id) VALUES ('1','6');
INSERT INTO ecommerce.apparel_category_gender(gender_category_id, apparel_category_id) VALUES ('1','7');
INSERT INTO ecommerce.apparel_category_gender(gender_category_id, apparel_category_id) VALUES ('1','8');
INSERT INTO ecommerce.apparel_category_gender(gender_category_id, apparel_category_id) VALUES ('1','9');
INSERT INTO ecommerce.apparel_category_gender(gender_category_id, apparel_category_id) VALUES ('1','10');
INSERT INTO ecommerce.apparel_category_gender(gender_category_id, apparel_category_id) VALUES ('1','11');
INSERT INTO ecommerce.apparel_category_gender(gender_category_id, apparel_category_id) VALUES ('1','12');
INSERT INTO ecommerce.apparel_category_gender(gender_category_id, apparel_category_id) VALUES ('1','13');
INSERT INTO ecommerce.apparel_category_gender(gender_category_id, apparel_category_id) VALUES ('2','1');
INSERT INTO ecommerce.apparel_category_gender(gender_category_id, apparel_category_id) VALUES ('2','2');
INSERT INTO ecommerce.apparel_category_gender(gender_category_id, apparel_category_id) VALUES ('2','14');
INSERT INTO ecommerce.apparel_category_gender(gender_category_id, apparel_category_id) VALUES ('2','15');
INSERT INTO ecommerce.apparel_category_gender(gender_category_id, apparel_category_id) VALUES ('2','16');
INSERT INTO ecommerce.apparel_category_gender(gender_category_id, apparel_category_id) VALUES ('2','17');
INSERT INTO ecommerce.apparel_category_gender(gender_category_id, apparel_category_id) VALUES ('2','4');
INSERT INTO ecommerce.apparel_category_gender(gender_category_id, apparel_category_id) VALUES ('2','18');
INSERT INTO ecommerce.apparel_category_gender(gender_category_id, apparel_category_id) VALUES ('2','6');
INSERT INTO ecommerce.apparel_category_gender(gender_category_id, apparel_category_id) VALUES ('2','19');
INSERT INTO ecommerce.apparel_category_gender(gender_category_id, apparel_category_id) VALUES ('2','20');
INSERT INTO ecommerce.apparel_category_gender(gender_category_id, apparel_category_id) VALUES ('2','21');
INSERT INTO ecommerce.apparel_category_gender(gender_category_id, apparel_category_id) VALUES ('2','7');
INSERT INTO ecommerce.apparel_category_gender(gender_category_id, apparel_category_id) VALUES ('2','10');
INSERT INTO ecommerce.apparel_category_gender(gender_category_id, apparel_category_id) VALUES ('2','22');
INSERT INTO ecommerce.apparel_category_gender(gender_category_id, apparel_category_id) VALUES ('2','23');
INSERT INTO ecommerce.apparel_category_gender(gender_category_id, apparel_category_id) VALUES ('2','24');

INSERT INTO ecommerce.brand_category_gender(brand_category_id, gender_category_id) VALUES ('1','1');
INSERT INTO ecommerce.brand_category_gender(brand_category_id, gender_category_id) VALUES ('2','1');
INSERT INTO ecommerce.brand_category_gender(brand_category_id, gender_category_id) VALUES ('3','1');
INSERT INTO ecommerce.brand_category_gender(brand_category_id, gender_category_id) VALUES ('4','1');
INSERT INTO ecommerce.brand_category_gender(brand_category_id, gender_category_id) VALUES ('5','1');
INSERT INTO ecommerce.brand_category_gender(brand_category_id, gender_category_id) VALUES ('6','1');
INSERT INTO ecommerce.brand_category_gender(brand_category_id, gender_category_id) VALUES ('7','1');
INSERT INTO ecommerce.brand_category_gender(brand_category_id, gender_category_id) VALUES ('8','1');
INSERT INTO ecommerce.brand_category_gender(brand_category_id, gender_category_id) VALUES ('9','1');
INSERT INTO ecommerce.brand_category_gender(brand_category_id, gender_category_id) VALUES ('10','1');
INSERT INTO ecommerce.brand_category_gender(brand_category_id, gender_category_id) VALUES ('11','1');
INSERT INTO ecommerce.brand_category_gender(brand_category_id, gender_category_id) VALUES ('12','1');
INSERT INTO ecommerce.brand_category_gender(brand_category_id, gender_category_id) VALUES ('13','1');
INSERT INTO ecommerce.brand_category_gender(brand_category_id, gender_category_id) VALUES ('14','1');
INSERT INTO ecommerce.brand_category_gender(brand_category_id, gender_category_id) VALUES ('1','2');
INSERT INTO ecommerce.brand_category_gender(brand_category_id, gender_category_id) VALUES ('2','2');
INSERT INTO ecommerce.brand_category_gender(brand_category_id, gender_category_id) VALUES ('3','2');
INSERT INTO ecommerce.brand_category_gender(brand_category_id, gender_category_id) VALUES ('4','2');
INSERT INTO ecommerce.brand_category_gender(brand_category_id, gender_category_id) VALUES ('5','2');
INSERT INTO ecommerce.brand_category_gender(brand_category_id, gender_category_id) VALUES ('8','2');
INSERT INTO ecommerce.brand_category_gender(brand_category_id, gender_category_id) VALUES ('9','2');
INSERT INTO ecommerce.brand_category_gender(brand_category_id, gender_category_id) VALUES ('10','2');
INSERT INTO ecommerce.brand_category_gender(brand_category_id, gender_category_id) VALUES ('11','2');
INSERT INTO ecommerce.brand_category_gender(brand_category_id, gender_category_id) VALUES ('15','2');
INSERT INTO ecommerce.brand_category_gender(brand_category_id, gender_category_id) VALUES ('16','2');
INSERT INTO ecommerce.brand_category_gender(brand_category_id, gender_category_id) VALUES ('17','2');
INSERT INTO ecommerce.brand_category_gender(brand_category_id, gender_category_id) VALUES ('18','2');
INSERT INTO ecommerce.brand_category_gender(brand_category_id, gender_category_id) VALUES ('19','2');


INSERT INTO ecommerce.apparel_category_brand(apparel_category_id, brand_category_id) VALUES ('1', '1');
INSERT INTO ecommerce.apparel_category_brand(apparel_category_id, brand_category_id) VALUES ('2', '1');
INSERT INTO ecommerce.apparel_category_brand(apparel_category_id, brand_category_id) VALUES ('3', '1');
INSERT INTO ecommerce.apparel_category_brand(apparel_category_id, brand_category_id) VALUES ('4', '1');
INSERT INTO ecommerce.apparel_category_brand(apparel_category_id, brand_category_id) VALUES ('5', '1');
INSERT INTO ecommerce.apparel_category_brand(apparel_category_id, brand_category_id) VALUES ('6', '1');
INSERT INTO ecommerce.apparel_category_brand(apparel_category_id, brand_category_id) VALUES ('7', '1');
INSERT INTO ecommerce.apparel_category_brand(apparel_category_id, brand_category_id) VALUES ('8', '1');
INSERT INTO ecommerce.apparel_category_brand(apparel_category_id, brand_category_id) VALUES ('9', '1');
INSERT INTO ecommerce.apparel_category_brand(apparel_category_id, brand_category_id) VALUES ('10', '1');
INSERT INTO ecommerce.apparel_category_brand(apparel_category_id, brand_category_id) VALUES ('11', '1');
INSERT INTO ecommerce.apparel_category_brand(apparel_category_id, brand_category_id) VALUES ('12', '1');
INSERT INTO ecommerce.apparel_category_brand(apparel_category_id, brand_category_id) VALUES ('13', '1');
INSERT INTO ecommerce.apparel_category_brand(apparel_category_id, brand_category_id) VALUES ('14', '1');
INSERT INTO ecommerce.apparel_category_brand(apparel_category_id, brand_category_id) VALUES ('15', '1');
INSERT INTO ecommerce.apparel_category_brand(apparel_category_id, brand_category_id) VALUES ('16', '1');
INSERT INTO ecommerce.apparel_category_brand(apparel_category_id, brand_category_id) VALUES ('17', '1');
INSERT INTO ecommerce.apparel_category_brand(apparel_category_id, brand_category_id) VALUES ('18', '1');
INSERT INTO ecommerce.apparel_category_brand(apparel_category_id, brand_category_id) VALUES ('19', '1');
INSERT INTO ecommerce.apparel_category_brand(apparel_category_id, brand_category_id) VALUES ('20', '1');
INSERT INTO ecommerce.apparel_category_brand(apparel_category_id, brand_category_id) VALUES ('21', '1');

INSERT INTO ecommerce.apparel_category_brand(apparel_category_id, brand_category_id) VALUES ('1', '2');
INSERT INTO ecommerce.apparel_category_brand(apparel_category_id, brand_category_id) VALUES ('3', '2');
INSERT INTO ecommerce.apparel_category_brand(apparel_category_id, brand_category_id) VALUES ('6', '2');
INSERT INTO ecommerce.apparel_category_brand(apparel_category_id, brand_category_id) VALUES ('7', '2');
INSERT INTO ecommerce.apparel_category_brand(apparel_category_id, brand_category_id) VALUES ('12', '2');

INSERT INTO ecommerce.apparel_category_brand(apparel_category_id, brand_category_id) VALUES ('1', '3');
INSERT INTO ecommerce.apparel_category_brand(apparel_category_id, brand_category_id) VALUES ('3', '3');
INSERT INTO ecommerce.apparel_category_brand(apparel_category_id, brand_category_id) VALUES ('7', '3');
INSERT INTO ecommerce.apparel_category_brand(apparel_category_id, brand_category_id) VALUES ('24', '3');
INSERT INTO ecommerce.apparel_category_brand(apparel_category_id, brand_category_id) VALUES ('16', '3');
INSERT INTO ecommerce.apparel_category_brand(apparel_category_id, brand_category_id) VALUES ('22', '3');
INSERT INTO ecommerce.apparel_category_brand(apparel_category_id, brand_category_id) VALUES ('17', '3');
INSERT INTO ecommerce.apparel_category_brand(apparel_category_id, brand_category_id) VALUES ('6', '3');
INSERT INTO ecommerce.apparel_category_brand(apparel_category_id, brand_category_id) VALUES ('12', '3');

INSERT INTO ecommerce.apparel_category_brand(apparel_category_id, brand_category_id) VALUES ('1', '4');
INSERT INTO ecommerce.apparel_category_brand(apparel_category_id, brand_category_id) VALUES ('3', '4');
INSERT INTO ecommerce.apparel_category_brand(apparel_category_id, brand_category_id) VALUES ('6', '4');
INSERT INTO ecommerce.apparel_category_brand(apparel_category_id, brand_category_id) VALUES ('7', '4');
INSERT INTO ecommerce.apparel_category_brand(apparel_category_id, brand_category_id) VALUES ('9', '4');
INSERT INTO ecommerce.apparel_category_brand(apparel_category_id, brand_category_id) VALUES ('16', '4');
INSERT INTO ecommerce.apparel_category_brand(apparel_category_id, brand_category_id) VALUES ('22', '4');
INSERT INTO ecommerce.apparel_category_brand(apparel_category_id, brand_category_id) VALUES ('24', '4');

INSERT INTO ecommerce.apparel_category_brand(apparel_category_id, brand_category_id) VALUES ('1', '5');
INSERT INTO ecommerce.apparel_category_brand(apparel_category_id, brand_category_id) VALUES ('24', '5');
INSERT INTO ecommerce.apparel_category_brand(apparel_category_id, brand_category_id) VALUES ('3', '5');
INSERT INTO ecommerce.apparel_category_brand(apparel_category_id, brand_category_id) VALUES ('7', '5');
INSERT INTO ecommerce.apparel_category_brand(apparel_category_id, brand_category_id) VALUES ('6', '5');
INSERT INTO ecommerce.apparel_category_brand(apparel_category_id, brand_category_id) VALUES ('8', '5');
INSERT INTO ecommerce.apparel_category_brand(apparel_category_id, brand_category_id) VALUES ('11', '5');
INSERT INTO ecommerce.apparel_category_brand(apparel_category_id, brand_category_id) VALUES ('22', '5');
INSERT INTO ecommerce.apparel_category_brand(apparel_category_id, brand_category_id) VALUES ('12', '5');

INSERT INTO ecommerce.apparel_category_brand(apparel_category_id, brand_category_id) VALUES ('1', '6');
INSERT INTO ecommerce.apparel_category_brand(apparel_category_id, brand_category_id) VALUES ('12', '6');

INSERT INTO ecommerce.apparel_category_brand(apparel_category_id, brand_category_id) VALUES ('1', '7');
INSERT INTO ecommerce.apparel_category_brand(apparel_category_id, brand_category_id) VALUES ('3', '7');
INSERT INTO ecommerce.apparel_category_brand(apparel_category_id, brand_category_id) VALUES ('7', '7');
INSERT INTO ecommerce.apparel_category_brand(apparel_category_id, brand_category_id) VALUES ('24', '7');
INSERT INTO ecommerce.apparel_category_brand(apparel_category_id, brand_category_id) VALUES ('9', '7');
INSERT INTO ecommerce.apparel_category_brand(apparel_category_id, brand_category_id) VALUES ('16', '7');
INSERT INTO ecommerce.apparel_category_brand(apparel_category_id, brand_category_id) VALUES ('6', '7');
INSERT INTO ecommerce.apparel_category_brand(apparel_category_id, brand_category_id) VALUES ('22', '7');
INSERT INTO ecommerce.apparel_category_brand(apparel_category_id, brand_category_id) VALUES ('12', '7');

INSERT INTO ecommerce.apparel_category_brand(apparel_category_id, brand_category_id) VALUES ('1', '8');
INSERT INTO ecommerce.apparel_category_brand(apparel_category_id, brand_category_id) VALUES ('24', '8');
INSERT INTO ecommerce.apparel_category_brand(apparel_category_id, brand_category_id) VALUES ('6', '8');
INSERT INTO ecommerce.apparel_category_brand(apparel_category_id, brand_category_id) VALUES ('15', '8');
INSERT INTO ecommerce.apparel_category_brand(apparel_category_id, brand_category_id) VALUES ('16', '8');
INSERT INTO ecommerce.apparel_category_brand(apparel_category_id, brand_category_id) VALUES ('17', '8');
INSERT INTO ecommerce.apparel_category_brand(apparel_category_id, brand_category_id) VALUES ('7', '8');
INSERT INTO ecommerce.apparel_category_brand(apparel_category_id, brand_category_id) VALUES ('22', '8');

INSERT INTO ecommerce.apparel_category_brand(apparel_category_id, brand_category_id) VALUES ('1', '9');
INSERT INTO ecommerce.apparel_category_brand(apparel_category_id, brand_category_id) VALUES ('3', '9');
INSERT INTO ecommerce.apparel_category_brand(apparel_category_id, brand_category_id) VALUES ('6', '9');
INSERT INTO ecommerce.apparel_category_brand(apparel_category_id, brand_category_id) VALUES ('9', '9');
INSERT INTO ecommerce.apparel_category_brand(apparel_category_id, brand_category_id) VALUES ('14', '9');
INSERT INTO ecommerce.apparel_category_brand(apparel_category_id, brand_category_id) VALUES ('16', '9');
INSERT INTO ecommerce.apparel_category_brand(apparel_category_id, brand_category_id) VALUES ('7', '9');
INSERT INTO ecommerce.apparel_category_brand(apparel_category_id, brand_category_id) VALUES ('22', '9');
INSERT INTO ecommerce.apparel_category_brand(apparel_category_id, brand_category_id) VALUES ('24', '9');

INSERT INTO ecommerce.apparel_category_brand(apparel_category_id, brand_category_id) VALUES ('1', '10');
INSERT INTO ecommerce.apparel_category_brand(apparel_category_id, brand_category_id) VALUES ('7', '10');
INSERT INTO ecommerce.apparel_category_brand(apparel_category_id, brand_category_id) VALUES ('6', '10');
INSERT INTO ecommerce.apparel_category_brand(apparel_category_id, brand_category_id) VALUES ('12', '10');
INSERT INTO ecommerce.apparel_category_brand(apparel_category_id, brand_category_id) VALUES ('9', '10');

INSERT INTO ecommerce.apparel_category_brand(apparel_category_id, brand_category_id) VALUES ('1', '11');
INSERT INTO ecommerce.apparel_category_brand(apparel_category_id, brand_category_id) VALUES ('9', '11');
INSERT INTO ecommerce.apparel_category_brand(apparel_category_id, brand_category_id) VALUES ('17', '11');
INSERT INTO ecommerce.apparel_category_brand(apparel_category_id, brand_category_id) VALUES ('6', '11');
INSERT INTO ecommerce.apparel_category_brand(apparel_category_id, brand_category_id) VALUES ('7', '11');
INSERT INTO ecommerce.apparel_category_brand(apparel_category_id, brand_category_id) VALUES ('22', '11');
INSERT INTO ecommerce.apparel_category_brand(apparel_category_id, brand_category_id) VALUES ('24', '11');

INSERT INTO ecommerce.apparel_category_brand(apparel_category_id, brand_category_id) VALUES ('1', '12');
INSERT INTO ecommerce.apparel_category_brand(apparel_category_id, brand_category_id) VALUES ('3', '12');
INSERT INTO ecommerce.apparel_category_brand(apparel_category_id, brand_category_id) VALUES ('6', '12');
INSERT INTO ecommerce.apparel_category_brand(apparel_category_id, brand_category_id) VALUES ('7', '12');
INSERT INTO ecommerce.apparel_category_brand(apparel_category_id, brand_category_id) VALUES ('11', '12');
INSERT INTO ecommerce.apparel_category_brand(apparel_category_id, brand_category_id) VALUES ('12', '12');

INSERT INTO ecommerce.apparel_category_brand(apparel_category_id, brand_category_id) VALUES ('1', '13');
INSERT INTO ecommerce.apparel_category_brand(apparel_category_id, brand_category_id) VALUES ('3', '13');
INSERT INTO ecommerce.apparel_category_brand(apparel_category_id, brand_category_id) VALUES ('6', '13');
INSERT INTO ecommerce.apparel_category_brand(apparel_category_id, brand_category_id) VALUES ('7', '13');
INSERT INTO ecommerce.apparel_category_brand(apparel_category_id, brand_category_id) VALUES ('9', '13');
INSERT INTO ecommerce.apparel_category_brand(apparel_category_id, brand_category_id) VALUES ('10', '13');
INSERT INTO ecommerce.apparel_category_brand(apparel_category_id, brand_category_id) VALUES ('11', '13');
INSERT INTO ecommerce.apparel_category_brand(apparel_category_id, brand_category_id) VALUES ('12', '13');
INSERT INTO ecommerce.apparel_category_brand(apparel_category_id, brand_category_id) VALUES ('8', '13');

INSERT INTO ecommerce.apparel_category_brand(apparel_category_id, brand_category_id) VALUES ('1', '14');
INSERT INTO ecommerce.apparel_category_brand(apparel_category_id, brand_category_id) VALUES ('3', '14');
INSERT INTO ecommerce.apparel_category_brand(apparel_category_id, brand_category_id) VALUES ('7', '14');
INSERT INTO ecommerce.apparel_category_brand(apparel_category_id, brand_category_id) VALUES ('13', '14');
INSERT INTO ecommerce.apparel_category_brand(apparel_category_id, brand_category_id) VALUES ('4', '14');

INSERT INTO ecommerce.apparel_category_brand(apparel_category_id, brand_category_id) VALUES ('1', '15');
INSERT INTO ecommerce.apparel_category_brand(apparel_category_id, brand_category_id) VALUES ('16', '15');
INSERT INTO ecommerce.apparel_category_brand(apparel_category_id, brand_category_id) VALUES ('3', '15');
INSERT INTO ecommerce.apparel_category_brand(apparel_category_id, brand_category_id) VALUES ('6', '15');
INSERT INTO ecommerce.apparel_category_brand(apparel_category_id, brand_category_id) VALUES ('7', '15');
INSERT INTO ecommerce.apparel_category_brand(apparel_category_id, brand_category_id) VALUES ('22', '15');
INSERT INTO ecommerce.apparel_category_brand(apparel_category_id, brand_category_id) VALUES ('24', '15');

INSERT INTO ecommerce.apparel_category_brand(apparel_category_id, brand_category_id) VALUES ('1', '16');
INSERT INTO ecommerce.apparel_category_brand(apparel_category_id, brand_category_id) VALUES ('3', '16');
INSERT INTO ecommerce.apparel_category_brand(apparel_category_id, brand_category_id) VALUES ('16', '16');
INSERT INTO ecommerce.apparel_category_brand(apparel_category_id, brand_category_id) VALUES ('22', '16');
INSERT INTO ecommerce.apparel_category_brand(apparel_category_id, brand_category_id) VALUES ('24', '16');
INSERT INTO ecommerce.apparel_category_brand(apparel_category_id, brand_category_id) VALUES ('7', '16');

INSERT INTO ecommerce.apparel_category_brand(apparel_category_id, brand_category_id) VALUES ('14', '17');
INSERT INTO ecommerce.apparel_category_brand(apparel_category_id, brand_category_id) VALUES ('15', '17');
INSERT INTO ecommerce.apparel_category_brand(apparel_category_id, brand_category_id) VALUES ('16', '17');
INSERT INTO ecommerce.apparel_category_brand(apparel_category_id, brand_category_id) VALUES ('17', '17');
INSERT INTO ecommerce.apparel_category_brand(apparel_category_id, brand_category_id) VALUES ('7', '17');
INSERT INTO ecommerce.apparel_category_brand(apparel_category_id, brand_category_id) VALUES ('22', '17');
INSERT INTO ecommerce.apparel_category_brand(apparel_category_id, brand_category_id) VALUES ('6', '17');
INSERT INTO ecommerce.apparel_category_brand(apparel_category_id, brand_category_id) VALUES ('24', '17');

INSERT INTO ecommerce.apparel_category_brand(apparel_category_id, brand_category_id) VALUES ('1', '18');
INSERT INTO ecommerce.apparel_category_brand(apparel_category_id, brand_category_id) VALUES ('15', '18');
INSERT INTO ecommerce.apparel_category_brand(apparel_category_id, brand_category_id) VALUES ('16', '18');
INSERT INTO ecommerce.apparel_category_brand(apparel_category_id, brand_category_id) VALUES ('17', '18');
INSERT INTO ecommerce.apparel_category_brand(apparel_category_id, brand_category_id) VALUES ('6', '18');
INSERT INTO ecommerce.apparel_category_brand(apparel_category_id, brand_category_id) VALUES ('22', '18');
INSERT INTO ecommerce.apparel_category_brand(apparel_category_id, brand_category_id) VALUES ('24', '18');
INSERT INTO ecommerce.apparel_category_brand(apparel_category_id, brand_category_id) VALUES ('7', '18');

INSERT INTO ecommerce.apparel_category_brand(apparel_category_id, brand_category_id) VALUES ('1', '19');
INSERT INTO ecommerce.apparel_category_brand(apparel_category_id, brand_category_id) VALUES ('3', '19');
INSERT INTO ecommerce.apparel_category_brand(apparel_category_id, brand_category_id) VALUES ('16', '19');
INSERT INTO ecommerce.apparel_category_brand(apparel_category_id, brand_category_id) VALUES ('6', '19');
INSERT INTO ecommerce.apparel_category_brand(apparel_category_id, brand_category_id) VALUES ('7', '19');
INSERT INTO ecommerce.apparel_category_brand(apparel_category_id, brand_category_id) VALUES ('22', '19');
INSERT INTO ecommerce.apparel_category_brand(apparel_category_id, brand_category_id) VALUES ('24', '19');



